<?xml version='1.0' encoding='UTF-8'?>
<!--

    Licensed to the Apache Software Foundation (ASF) under one
    or more contributor license agreements.  See the NOTICE file
    distributed with this work for additional information
    regarding copyright ownership.  The ASF licenses this file
    to you under the Apache License, Version 2.0 (the
    "License"); you may not use this file except in compliance
    with the License.  You may obtain a copy of the License at

      http://www.apache.org/licenses/LICENSE-2.0

    Unless required by applicable law or agreed to in writing,
    software distributed under the License is distributed on an
    "AS IS" BASIS, WITHOUT WARRANTIES OR CONDITIONS OF ANY
    KIND, either express or implied.  See the License for the
    specific language governing permissions and limitations
    under the License.

-->
<faces-config version="2.3"
              xmlns="http://xmlns.jcp.org/xml/ns/javaee"
              xmlns:xsi="http://www.w3.org/2001/XMLSchema-instance"
              xsi:schemaLocation="http://xmlns.jcp.org/xml/ns/javaee http://xmlns.jcp.org/xml/ns/javaee/web-facesconfig_2_3.xsd">
    <application>
        <resource-bundle>
            <base-name>/Bundle</base-name>
            <var>bundle</var>
        </resource-bundle>
        
        <resource-bundle>
            <base-name>/UsersBundle</base-name>
            <var>usersBundle</var>
        </resource-bundle>
    </application>
    
    <navigation-rule>
        <from-view-id>/registration.xhtml</from-view-id>
        <navigation-case>
            <from-action>#{registrationController.create}</from-action>
            <from-outcome>registration_success</from-outcome>
            <to-view-id>/users/dashboard.xhtml</to-view-id>
            <redirect/>
        </navigation-case>
        
        <navigation-case>
            <from-outcome>existing</from-outcome>
            <to-view-id>/login.xhtml</to-view-id>
        </navigation-case>
    </navigation-rule>
    
    <navigation-rule>
        <from-view-id>/login.xhtml</from-view-id>
        <navigation-case>
            <from-action>#{loginController.login}</from-action>
            <from-outcome>login_user</from-outcome>
            <to-view-id>/users/dashboard.xhtml</to-view-id>
            <redirect/>
        </navigation-case>
        
        <navigation-case>
            <from-action>#{loginController.login}</from-action>
            <from-outcome>login_admin</from-outcome>
            <to-view-id>/admins/dashboard.xhtml</to-view-id>
            <redirect/>
        </navigation-case>
        
        <navigation-case>
            <from-outcome>new_user</from-outcome>
            <to-view-id>/registration.xhtml</to-view-id>
        </navigation-case>
    </navigation-rule>
    
    <navigation-rule>
        <from-view-id>/users/dashboard.xhtml</from-view-id>
        <navigation-case>
            <from-outcome>get_transactions</from-outcome>
            <to-view-id>/users/transactions.xhtml</to-view-id>
        </navigation-case>
        
        <navigation-case>
            <from-outcome>get_paypals</from-outcome>
            <to-view-id>/users/pals.xhtml</to-view-id>
        </navigation-case>
        
        <navigation-case>
            <from-outcome>get_transfer</from-outcome>
            <to-view-id>/users/transaction/transfer.xhtml</to-view-id>
        </navigation-case>
        
        <navigation-case>
            <from-outcome>get_request</from-outcome>
            <to-view-id>/users/transaction/request.xhtml</to-view-id>
        </navigation-case>
        
        <navigation-case>
            <from-outcome>get_edit</from-outcome>
            <to-view-id>/users/edit.xhtml</to-view-id>
        </navigation-case>
        
        <navigation-case>
            <from-outcome>logout_success</from-outcome>
            <to-view-id>/login.xhtml</to-view-id>
            <redirect />
        </navigation-case>
    </navigation-rule>
    
    <navigation-rule>
        <from-view-id>/users/edit.xhtml</from-view-id>
        
        <navigation-case>
            <from-action>#{userEditController.update}</from-action>
            <to-view-id>/users/edit.xhtml</to-view-id>
            <redirect/>
        </navigation-case>
        
        <navigation-case>
            <from-outcome>edit_dashboard</from-outcome>
            <to-view-id>/users/dashboard.xhtml</to-view-id>
        </navigation-case>
        
    </navigation-rule>
    
    <navigation-rule>
        <from-view-id>/users/transactions.xhtml</from-view-id>
        
        <navigation-case>
            <from-action>#{userTransactionsController.accept}</from-action>
            <from-outcome>accept_success</from-outcome>
            <to-view-id>/users/transactions.xhtml#received</to-view-id>
            <redirect/>
        </navigation-case>
        
        <navigation-case>
            <from-action>#{userTransactionsController.reject}</from-action>
            <from-outcome>reject_success</from-outcome>
            <to-view-id>/users/transactions.xhtml#received</to-view-id>
            <redirect/>
        </navigation-case>
        
        <navigation-case>
            <from-outcome>transactions_dashboard</from-outcome>
            <to-view-id>/users/dashboard.xhtml</to-view-id>
        </navigation-case>
        
        <navigation-case>
            <from-outcome>transactions_transfer</from-outcome>
            <to-view-id>/users/transaction/transfer.xhtml</to-view-id>
        </navigation-case>
        
        <navigation-case>
            <from-outcome>transactions_request</from-outcome>
            <to-view-id>/users/transaction/request.xhtml</to-view-id>
        </navigation-case>
          
    </navigation-rule>
    
    
    <navigation-rule>
        <from-view-id>/users/pals.xhtml</from-view-id>
        <navigation-case>
            <from-outcome>pals_dashboard</from-outcome>
            <to-view-id>/users/dashboard.xhtml</to-view-id>
        </navigation-case>
        
        <navigation-case>
            <from-outcome>pals_transfer</from-outcome>
            <to-view-id>/users/transaction/transfer.xhtml</to-view-id>
        </navigation-case>
        
        <navigation-case>
            <from-outcome>pals_request</from-outcome>
            <to-view-id>/users/transaction/request.xhtml</to-view-id>
        </navigation-case>
    </navigation-rule>
    
    <navigation-rule>
        <from-view-id>/users/transaction/transfer.xhtml</from-view-id>
        <navigation-case>
            <from-action>#{userTransactionController.transfer}</from-action>
            <from-outcome>transfer_success</from-outcome>
            <to-view-id>/users/transaction/transfer.xhtml</to-view-id>
            <redirect/>
        </navigation-case>
        
        <navigation-case>
            <from-outcome>transfer_dashboard</from-outcome>
            <to-view-id>/users/dashboard.xhtml</to-view-id>
        </navigation-case>
        
        <navigation-case>
            <from-outcome>transfer_request</from-outcome>
            <to-view-id>/users/transaction/request.xhtml</to-view-id>
        </navigation-case>
        
        <navigation-case>
            <from-outcome>transfer_transactions</from-outcome>
            <to-view-id>/users/transactions.xhtml</to-view-id>
        </navigation-case>
    </navigation-rule>
        
    <navigation-rule>
        <from-view-id>/users/transaction/request.xhtml</from-view-id>
        <navigation-case>
            <from-action>#{userTransactionController.request}</from-action>
            <from-outcome>request_success</from-outcome>
            <to-view-id>/users/transaction/request.xhtml</to-view-id>
            <redirect/>
        </navigation-case>
        
        <navigation-case>
            <from-outcome>request_dashboard</from-outcome>
            <to-view-id>/users/dashboard.xhtml</to-view-id>
        </navigation-case>
        
        <navigation-case>
            <from-outcome>request_transfer</from-outcome>
            <to-view-id>/users/transaction/transfer.xhtml</to-view-id>
        </navigation-case>
        
        <navigation-case>
            <from-outcome>request_transactions</from-outcome>
            <to-view-id>/users/transactions.xhtml</to-view-id>
        </navigation-case>
        
    </navigation-rule>
    
    
    <navigation-rule> 
        <from-view-id>/admins/dashboard.xhtml</from-view-id>  
        <navigation-case>
            <from-outcome>get_create</from-outcome>
            <to-view-id>/admins/create.xhtml</to-view-id>
        </navigation-case>
        
        <navigation-case>
            <from-outcome>get_list</from-outcome>
            <to-view-id>/admins/list.xhtml</to-view-id>
        </navigation-case>
        
        <navigation-case>
            <from-outcome>logout_success</from-outcome>
            <to-view-id>/login.xhtml</to-view-id>
            <redirect />
        </navigation-case>
    </navigation-rule>
    
    
    <navigation-rule>
        <from-view-id>/admins/create.xhtml</from-view-id>   
        
        <navigation-case>
            <from-action>#{payPalController.prepareList}</from-action>
            <from-outcome>list</from-outcome>
            <to-view-id>/admins/list.xhtml</to-view-id>
            <redirect />
        </navigation-case>
        
        <navigation-case>
            <from-outcome>get_dashboard</from-outcome>
            <to-view-id>/admins/dashboard.xhtml</to-view-id>
        </navigation-case>
        
    </navigation-rule>
    
    <navigation-rule>
        <from-view-id>/admins/list.xhtml</from-view-id>
        
        <navigation-case>
            <from-action>#{payPalController.prepareCreate}</from-action>
            <from-outcome>create</from-outcome>
            <to-view-id>/admins/create.xhtml</to-view-id>
            <redirect />
        </navigation-case>
        
        
        <navigation-case>
            <from-action>#{payPalController.prepareView}</from-action>
            <from-outcome>view</from-outcome>
            <to-view-id>/admins/view.xhtml</to-view-id>
            <redirect />
        </navigation-case>
        
        <navigation-case>
            <from-action>#{payPalController.prepareEdit}</from-action>
            <from-outcome>edit</from-outcome>
            <to-view-id>/admins/edit.xhtml</to-view-id>
            <redirect />
        </navigation-case>
        
        <navigation-case>
            <from-action>#{payPalController.prepareDestroy}</from-action>
            <from-outcome>list</from-outcome>
            <to-view-id>/admins/list.xhtml</to-view-id>
            <redirect />
        </navigation-case>
        
        <navigation-case>
            <from-outcome>get_dashboard</from-outcome>
            <to-view-id>/admins/dashboard.xhtml</to-view-id>
        </navigation-case>
        
    </navigation-rule>
    
    
    <navigation-rule>
        <from-view-id>/admins/view.xhtml</from-view-id>
        
        <navigation-case>
            <from-action>#{payPalController.prepareCreate}</from-action>
            <from-outcome>create</from-outcome>
            <to-view-id>/admins/create.xhtml</to-view-id>
            <redirect />
        </navigation-case>
        
        
        <navigation-case>
            <from-action>#{payPalController.prepareTransaction}</from-action>
            <from-outcome>transaction</from-outcome>
            <to-view-id>/admins/transaction.xhtml</to-view-id>
            <redirect />
        </navigation-case>
        
        
        <navigation-case>
            <from-action>#{payPalController.prepareDestroyAndView}</from-action>
            <from-outcome>view</from-outcome>
            <to-view-id>/admins/view.xhtml</to-view-id>
            <redirect />
        </navigation-case>
        
        <navigation-case>
            <from-action>#{payPalController.prepareDestroyAndView}</from-action>
            <from-outcome>list</from-outcome>
            <to-view-id>/admins/list.xhtml</to-view-id>
            <redirect />
        </navigation-case>
        
        
        <navigation-case>
            <from-action>#{payPalController.prepareList}</from-action>
            <from-outcome>list</from-outcome>
            <to-view-id>/admins/list.xhtml</to-view-id>
            <redirect />
        </navigation-case>
        
    </navigation-rule>
    
    
    <navigation-rule>
        <from-view-id>/admins/edit.xhtml</from-view-id>  
        
        <navigation-case>
            <from-action>#{payPalController.prepareList}</from-action>
            <from-outcome>list</from-outcome>
            <to-view-id>/admins/list.xhtml</to-view-id>
            <redirect />
        </navigation-case>
        
        <navigation-case>
            <from-outcome>view</from-outcome>
            <to-view-id>/admins/view.xhtml</to-view-id>
            <redirect />
        </navigation-case>
        
        <navigation-case>
            <from-outcome>get_dashboard</from-outcome>
            <to-view-id>/admins/dashboard.xhtml</to-view-id>
        </navigation-case>
        
    </navigation-rule>
    
    
    <navigation-rule>
        <from-view-id>/admins/transaction.xhtml</from-view-id>
        
        <navigation-case>
            <from-action>#{payPalController.prepareCreate}</from-action>
            <from-outcome>create</from-outcome>
            <to-view-id>/admins/create.xhtml</to-view-id>
            <redirect />
        </navigation-case>
        
        
        <navigation-case>
            <from-action>#{payPalController.prepareList}</from-action>
            <from-outcome>list</from-outcome>
            <to-view-id>/admins/list.xhtml</to-view-id>
            <redirect />
        </navigation-case>
        
        <navigation-case>
            <from-outcome>view</from-outcome>
            <to-view-id>/admins/view.xhtml</to-view-id>
            <redirect />
        </navigation-case>
        
        <navigation-case>
            <from-outcome>get_dashboard</from-outcome>
            <to-view-id>/admins/dashboard.xhtml</to-view-id>
        </navigation-case>
        
    </navigation-rule>
    
    
    
    
    
</faces-config>
